INSERT INTO Tournament (id, name, start_date, end_date, game_name, banner_url, description)
VALUES (1, 'Scarlet Chess Showdown', '2024-08-01', '2024-08-15', 'Chess', 
'https://cdn.vectorstock.com/i/1000x1000/00/76/chess-tournament-poster-vector-18830076.webp', 'Join the intense chess battles inspired by the world of Touhou!');

INSERT INTO Tournament (id, name, start_date, end_date, game_name, banner_url, description)
VALUES (2, 'osu! World Cup', '2024-09-01', '2024-09-15', 'osu!', 
'https://images.opencollective.com/osu-world-cup-2022-0b3a1a25/8a34e95/background.png', 'Feel the beat and compete in the ultimate osu! rhythm tournament.');

INSERT INTO Tournament (id, name, start_date, end_date, game_name, banner_url, description)
VALUES (3, 'Pixel Quest Challenge', '2024-10-01', '2024-10-15', 'Various Retro Games', 
'https://s.tmimgcdn.com/scr/800x500/192700/retro-game-tournament-flyer_192725-original.jpg', 'Embark on a journey through classic retro games and claim victory in the Pixel Quest Challenge!');

INSERT INTO Tournament (id, name, start_date, end_date, game_name, banner_url, description)
VALUES (4, 'Galaxy Battles', '2024-11-01', '2024-11-15', 'Dota 2', 
'https://static.wikia.nocookie.net/dota2_gamepedia/images/e/e4/Minibanner_Galaxy_Battles_.jpeg', 'Command your space empire to victory in this epic Stellaris tournament.');

INSERT INTO Tournament (id, name, start_date, end_date, game_name, banner_url, description)
VALUES (5, 'Realm Rivals Championship', '2024-12-01', '2024-12-15', 'League of Legends', 
'https://i.ytimg.com/vi/WJtrnx5VD7o/maxresdefault.jpg', 'Summon your champions and clash in the ultimate League of Legends tournament.');

INSERT INTO Tournament (id, name, start_date, end_date, game_name, banner_url, description)
VALUES (6, 'Indie Game Showcase', '2025-01-01', '2025-01-15', 'Various Indie Games',
 'https://d1csarkz8obe9u.cloudfront.net/posterpreviews/esports-tournament-twitch-banner-design-template-0602264b7605af50d699c3f94005e679_screen.jpg', 'Discover and compete in the best indie games of the year.');




INSERT INTO Gamer (id, nickname, avatar_url, password, description, platform)
VALUES (1, 'Reimu', 'https://cdn.discordapp.com/attachments/477927275069833226/1195749608316485664/GDsnZz7bMAAnx15.png',
 'password123', 'A seasoned chess player with a touch of Touhou magic.', 'PC');


INSERT INTO Gamer (id, nickname, avatar_url, password, description, platform)
VALUES (2, 'BeatMaster', 'https://avatarfiles.alphacoders.com/371/371319.jpg',
 'rhythm123', 'osu! champion ready to conquer the Osu!Beat Blast tournament.', 'PC');


INSERT INTO Gamer (id, nickname, avatar_url, password, description, platform)
VALUES (3, 'RetroExplorer', 'https://avatarfiles.alphacoders.com/193/193315.jpg',
 'nostalgia456', 'Passionate about retro games, seeking glory in the Pixel Quest Challenge.', 'Console');


INSERT INTO Gamer (id, nickname, avatar_url, password, description, platform)
VALUES (4, 'SpaceStrategist', 'https://c4.wallpaperflare.com/wallpaper/78/625/92/space-digital-art-avatar-pandora-wallpaper-preview.jpg',
 'starfleet789', 'Master tactician conquering the galaxy in Stellaris.', 'PC');


INSERT INTO Gamer (id, nickname, avatar_url, password, description, platform)
VALUES (5, 'MysticMage', 'https://i.ppy.sh/bec321d667df7fca7ced4f7084e26e1ba3c5a59e/68747470733a2f2f696d6775722d617263686976652e7070792e73682f636f637830466a2e6a7067',
 'magical123', 'Summoner extraordinaire ruling the League of Legends battlefield.', 'PC');


INSERT INTO Gamer (id, nickname, avatar_url, password, description, platform)
VALUES (6, 'IndieExplorer', 'https://cdn.discordapp.com/attachments/477927275069833226/1195732632449851422/GDuGJM1awAA-nW6.png',
 'explorer456', 'Passionate about indie games, exploring new worlds in the Indie Game Showcase.', 'Console');


INSERT INTO Gamer (id, nickname, avatar_url, password, description, platform)
VALUES (7, 'MarisaKirisame', 'https://cdn.discordapp.com/attachments/477927275069833226/1193521438485921822/114971141_p0.jpg',
 'magic456', 'Master of spellcards, ready to enchant in Touhou-inspired tournaments.', 'PC');


INSERT INTO Gamer (id, nickname, avatar_url, password, description, platform)
VALUES (8, 'YoumuKonpaku', 'https://cdn.discordapp.com/attachments/477927275069833226/632985050324926464/77105615_p0.png',
 'samurai789', 'Swift and precise, bringing the essence of Gensokyo to the gaming arena.', 'PC');


INSERT INTO Gamer (id, nickname, avatar_url, password, description, platform)
VALUES (9, 'RemiScarlet', 'https://cdn.discordapp.com/attachments/477927275069833226/1192703359061344337/remilia_scarlet_touhou_drawn_by_goback__c7dc4c80bb831ff62bef72a021e6b1c9.png',
 'vampire123', 'Elegant and powerful, aiming to dominate in Touhou-inspired challenges.', 'PC');


INSERT INTO Gamer (id, nickname, avatar_url, password, description, platform)
VALUES (10, 'SakuyaIzayoi', 'https://cdn.discordapp.com/attachments/477927275069833226/1186739662476279839/156e3bec85ec0f0f1f9aad5e47af0af7d1d2c19c.png',
 'maid456', 'Master of time manipulation, bringing precision to every move.', 'PC');


INSERT INTO Gamer (id, nickname, avatar_url, password, description, platform)
VALUES (11, 'CirnoTheIceFairy', 'https://cdn.discordapp.com/attachments/477927275069833226/1163430997828845601/cirno_touhou_drawn_by_kame_kamepan44231__da44c823cf5ba956dff9d3abc2166843.jpg',
 'ice123', 'Mischievous and icy, ready to freeze the competition in place.', 'PC');


INSERT INTO Gamer (id, nickname, avatar_url, password, description, platform)
VALUES (12, 'YukariYakumo', 'https://cdn.discordapp.com/attachments/477927275069833226/1181551895144312832/20231205_135750.jpg',
 'boundary789', 'Master of manipulating boundaries, transcending challenges effortlessly.', 'PC');






INSERT INTO Participation (id, position, prize, Tournament_id, Gamer_id)
VALUES (1, 1, '500$', 1, 1);


INSERT INTO Participation (id, position, prize, Tournament_id, Gamer_id)
VALUES (2, 1, '1000$', 2, 2);


INSERT INTO Participation (id, position, prize, Tournament_id, Gamer_id)
VALUES (3, 1, '800$', 3, 3);


INSERT INTO Participation (id, position, prize, Tournament_id, Gamer_id)
VALUES (4, 1, '750$', 4, 4);


INSERT INTO Participation (id, position, prize, Tournament_id, Gamer_id)
VALUES (5, 1, '1200$', 5, 5);


INSERT INTO Participation (id, position, prize, Tournament_id, Gamer_id)
VALUES (6, 1, '600$', 6, 6);


INSERT INTO Participation (id, position, prize, Tournament_id, Gamer_id)
VALUES (7, 2, '300$', 1, 7);


INSERT INTO Participation (id, position, prize, Tournament_id, Gamer_id)
VALUES (8, 3, '150$', 2, 8);


INSERT INTO Participation (id, position, prize, Tournament_id, Gamer_id)
VALUES (9, 2, '400$', 6, 9);

